{
  "n_files": 18,
  "per_mean": 0.07037037037037036,
  "per_std": 0.10475656017578482,
  "ok_mean_per": 0.0,
  "err_mean_per": 0.14074074074074072,
  "csv": "/Users/activejang/Documents/code/hope/docs/stage1b_mix_voice_eval.csv"
}